<?xml version="1.0" encoding="UTF-8" standalone="no"?><STUDENTI><Student Grupa="4712"><Nume>Colesica</Nume><Prenume>Razvan</Prenume></Student><Student Grupa="4721"><Nume>Gavrilescu</Nume><Prenume>Raul</Prenume></Student><Student Grupa="4711"><Nume>Lazlow</Nume><Prenume>Szolt</Prenume></Student><Student Grupa="4712"><Nume>Cinipa</Nume><Prenume>Alexandru</Prenume></Student><Student Grupa="4722"><Nume>Gamalie</Nume><Prenume>Teodor</Prenume></Student><Student Grupa="4721"><Nume>Dragomir</Nume><Prenume>Eduard</Prenume></Student><Student Grupa="4722"><Nume>Duruian</Nume><Prenume>Laurentiu</Prenume></Student><Student Grupa="4712"><Nume>Pirnuta</Nume><Prenume>Denis</Prenume></Student><Student Grupa="4724"><Nume>Nica</Nume><Prenume>Ioana</Prenume></Student><Student Grupa="4713"><Nume>Popa</Nume><Prenume>Stefania</Prenume></Student><Student Grupa="4722"><Nume>Georgescu</Nume><Prenume>Alexandra</Prenume></Student><Student Grupa="4722"><Nume>Mircea</Nume><Prenume>Andrei</Prenume></Student><Student Grupa="4722"><Nume>Simion</Nume><Prenume>Razvan</Prenume></Student><Student Grupa="4711"><Nume>Vorovenci</Nume><Prenume>Gabriel</Prenume></Student><Student Grupa="4714"><Nume>Szanto</Nume><Prenume>Francisc</Prenume></Student><Student Grupa="4713"><Nume>Gavrilescu</Nume><Prenume>Sabina</Prenume></Student><Student Grupa="4711"><Nume>Preda</Nume><Prenume>Paula</Prenume></Student></STUDENTI>